temperature,rainfall,humidity,ph,nitrogen,phosphorus,potassium,light_intensity,soil_type,season
16.6,753.9,33.3,7.7,157.0,343.8,162.2,279.4,Loam,Spring
18.1,704.6,34.6,7.5,157.8,333.4,161.7,258.8,Loam,Spring
20.0,650.1,34.3,7.4,156.8,332.0,162.1,272.0,Loam,Fall
21.9,727.1,33.6,7.4,163.4,346.1,154.2,303.2,Loam,Fall
17.9,753.9,35.3,7.5,159.2,346.7,160.7,334.2,Loam,Spring
19.8,804.6,36.9,7.4,155.3,341.4,160.3,289.1,Loam,Fall
22.0,794.7,33.4,7.9,158.6,341.1,160.5,309.9,Loam,Fall
19.8,725.2,35.8,7.5,159.6,348.9,160.3,307.4,Loam,Fall
18.7,779.6,32.0,7.3,156.4,336.8,157.9,266.8,Loam,Fall
17.0,703.4,35.4,7.4,166.5,343.9,159.0,223.6,Loam,Spring
18.4,691.9,37.0,7.5,163.2,335.0,158.3,306.9,Loam,Fall
18.9,656.1,35.7,7.4,155.9,340.8,158.6,220.1,Loam,Fall
19.9,798.0,38.1,7.4,155.1,339.3,159.2,241.6,Loam,Fall
20.9,709.6,37.2,7.6,164.1,349.2,159.3,242.6,Loam,Fall
21.2,702.8,36.1,7.2,155.5,342.4,161.8,305.3,Loam,Fall
18.7,705.0,35.5,7.5,162.1,341.5,161.5,231.3,Loam,Spring
20.8,648.6,34.9,7.5,155.8,339.6,160.0,278.7,Loam,Spring
19.2,560.3,34.4,7.6,162.4,346.5,162.2,269.5,Loam,Spring
19.0,644.1,35.0,7.5,164.7,341.7,167.8,224.4,Loam,Fall
19.5,692.8,35.8,7.4,158.1,338.4,157.8,266.2,Loam,Spring
19.5,655.4,35.7,7.5,163.8,348.4,162.4,260.6,Loam,Spring
16.4,787.3,34.5,7.4,160.4,345.5,161.5,276.4,Loam,Fall
23.5,678.5,35.2,7.3,165.1,336.7,161.2,259.5,Loam,Fall
19.0,701.7,36.3,7.5,159.8,337.0,157.8,281.7,Loam,Fall
18.6,652.3,34.4,7.4,157.3,338.7,158.7,250.3,Loam,Fall
20.1,716.0,35.3,7.4,156.3,348.8,161.7,299.1,Loam,Fall
19.7,743.6,35.5,7.4,153.9,340.6,155.1,266.7,Loam,Spring
22.6,600.2,35.5,7.6,161.8,337.2,157.3,328.5,Loam,Spring
20.0,729.0,37.4,7.5,165.7,339.5,162.5,234.7,Loam,Fall
18.8,823.3,36.0,7.6,153.3,341.4,158.5,247.4,Loam,Fall
23.0,751.0,31.9,7.6,161.0,343.1,156.2,264.8,Loam,Fall
19.2,698.1,34.3,7.7,157.7,330.7,163.7,300.7,Loam,Spring
20.8,732.3,34.9,7.5,158.1,337.9,158.6,285.9,Loam,Spring
21.2,750.7,38.1,7.3,164.0,357.3,154.2,263.0,Loam,Spring
19.5,698.1,34.2,7.5,160.6,346.9,166.1,262.2,Loam,Fall
21.4,658.1,34.9,7.4,158.2,345.9,160.1,316.3,Loam,Spring
17.2,633.5,37.5,7.6,156.9,342.0,164.4,273.1,Loam,Fall
20.1,604.6,34.4,7.5,165.9,338.6,163.8,252.2,Loam,Fall
20.9,681.7,34.8,7.3,161.2,344.4,159.1,269.7,Loam,Fall
23.1,621.2,36.8,7.4,159.8,336.9,156.9,326.6,Loam,Fall
19.9,730.0,32.4,7.4,159.0,336.3,156.7,323.8,Loam,Spring
20.0,696.1,33.6,7.4,157.0,347.1,160.6,293.9,Loam,Spring
18.6,664.8,36.4,7.6,159.0,350.8,164.3,218.0,Loam,Fall
19.8,625.9,34.4,7.8,159.9,348.2,161.4,300.0,Loam,Spring
20.5,714.2,32.7,7.7,158.3,335.1,158.1,305.7,Loam,Fall
26.1,898.0,46.1,6.3,153.0,82.6,178.1,402.1,Sandy Loam,Spring
21.5,1028.5,58.6,6.4,168.3,92.9,165.6,350.7,Sandy Loam,Spring
18.8,1064.7,52.4,6.3,147.0,79.6,181.0,405.3,Sandy Loam,Spring
19.1,1002.1,51.2,6.2,158.7,86.7,181.6,318.0,Sandy Loam,Spring
19.5,873.3,50.9,6.3,167.2,85.1,181.8,396.5,Sandy Loam,Spring
23.8,926.0,45.9,6.4,165.1,96.0,172.3,386.4,Sandy Loam,Spring
23.4,1053.4,50.5,6.5,155.9,86.0,170.9,404.7,Sandy Loam,Spring
26.0,967.9,47.0,6.3,159.5,71.5,176.7,435.8,Sandy Loam,Spring
26.4,1072.2,46.0,6.4,162.4,58.4,195.4,409.8,Sandy Loam,Spring
22.3,999.7,49.5,6.3,152.1,83.9,188.2,379.7,Sandy Loam,Spring
24.5,882.2,53.0,6.3,157.0,108.0,186.2,457.3,Sandy Loam,Spring
24.6,988.9,48.6,6.2,154.6,90.7,163.6,349.8,Sandy Loam,Spring
29.2,985.3,52.2,6.2,154.3,85.2,184.4,358.7,Sandy Loam,Spring
22.2,980.1,51.9,6.4,155.9,95.0,189.7,406.7,Sandy Loam,Spring
24.3,946.8,58.2,6.3,152.5,97.4,178.8,344.0,Sandy Loam,Spring
20.5,947.0,50.3,6.5,167.5,90.4,178.1,351.0,Sandy Loam,Spring
20.5,1034.5,48.3,6.5,164.3,84.2,173.6,396.8,Sandy Loam,Spring
24.9,927.4,51.2,6.4,156.7,100.0,174.7,383.5,Sandy Loam,Spring
20.8,1030.0,53.5,6.4,160.5,86.7,180.7,439.8,Sandy Loam,Spring
22.9,870.7,50.2,6.4,161.9,100.7,182.1,418.8,Sandy Loam,Spring
20.8,975.9,53.0,6.1,160.2,64.5,176.2,381.0,Sandy Loam,Spring
20.3,1030.8,46.9,6.5,154.7,84.4,177.6,357.1,Sandy Loam,Spring
23.2,995.0,49.9,6.2,165.5,88.0,186.5,353.5,Sandy Loam,Spring
28.8,972.8,52.0,6.5,157.9,103.3,173.3,448.6,Sandy Loam,Spring
18.7,830.9,51.5,6.4,167.5,85.5,190.3,398.6,Sandy Loam,Spring
20.8,903.9,49.4,6.5,166.3,82.3,185.1,399.7,Sandy Loam,Spring
21.0,1080.7,42.4,6.4,162.8,101.4,177.4,416.8,Sandy Loam,Spring
20.8,1036.2,44.0,6.4,166.8,87.0,177.8,432.4,Sandy Loam,Spring
22.3,1050.5,45.1,6.4,163.8,82.6,194.8,461.2,Sandy Loam,Spring
21.3,1081.3,50.4,6.3,153.9,82.2,175.0,405.6,Sandy Loam,Spring
24.5,901.5,55.7,6.3,166.1,91.3,179.0,428.4,Sandy Loam,Spring
18.8,983.3,51.6,6.4,165.9,107.9,178.1,472.0,Sandy Loam,Spring
22.4,1027.9,52.3,6.3,159.7,75.7,187.7,425.2,Sandy Loam,Spring
23.7,1136.3,59.7,6.2,167.0,89.1,183.5,420.3,Sandy Loam,Spring
24.1,1007.2,43.3,6.3,155.5,96.1,181.2,463.7,Sandy Loam,Spring
27.1,803.1,49.2,6.3,159.1,72.2,175.8,443.5,Sandy Loam,Spring
26.3,1003.4,49.6,6.3,157.1,91.9,180.0,418.5,Sandy Loam,Spring
20.5,1069.7,50.6,6.3,172.8,96.8,181.0,423.3,Sandy Loam,Spring
24.5,996.0,52.0,6.4,171.3,101.9,179.2,395.9,Sandy Loam,Spring
23.4,1036.7,52.3,6.3,161.9,103.7,184.6,354.6,Sandy Loam,Spring
25.2,910.8,50.6,6.4,164.7,93.3,176.7,372.8,Sandy Loam,Spring
24.7,1055.0,50.4,6.3,152.8,85.1,186.7,349.3,Sandy Loam,Spring
22.1,1127.8,51.2,6.1,158.4,90.5,180.7,398.8,Sandy Loam,Spring
21.1,1099.0,48.0,6.2,164.9,77.1,171.3,371.2,Sandy Loam,Spring
22.9,1049.5,54.7,6.3,166.7,68.2,180.4,378.6,Sandy Loam,Spring
21.8,665.8,98.9,6.4,113.6,162.7,91.4,128.5,Sandy Loam,Spring
24.0,701.9,98.9,6.7,122.1,159.0,102.5,120.2,Sandy Loam,Spring
22.2,704.6,98.7,6.5,124.1,152.4,93.1,118.4,Sandy Loam,Spring
17.2,726.0,98.8,6.8,116.6,175.8,98.0,122.9,Sandy Loam,Spring
17.7,724.4,98.5,6.5,118.7,158.0,112.5,125.0,Sandy Loam,Spring
23.5,728.7,98.9,6.2,123.3,160.1,98.6,131.5,Sandy Loam,Fall
21.8,719.0,98.7,6.3,122.4,159.1,102.5,120.4,Sandy Loam,Fall
19.9,720.9,99.0,6.6,123.6,157.5,115.4,123.3,Sandy Loam,Fall
19.1,747.3,99.4,6.8,120.6,153.4,95.0,122.5,Sandy Loam,Fall
18.8,684.1,99.1,6.4,129.6,167.4,109.4,125.4,Sandy Loam,Fall
21.9,706.1,98.7,6.7,106.7,174.5,103.9,132.2,Sandy Loam,Spring
19.4,641.7,99.0,6.4,127.7,164.5,97.2,126.3,Sandy Loam,Spring
18.2,686.4,99.0,6.4,119.6,156.6,105.3,115.1,Sandy Loam,Spring
19.5,682.1,98.6,6.6,112.4,157.5,94.9,122.5,Sandy Loam,Spring
16.6,696.4,99.0,6.4,124.1,161.4,99.7,125.9,Sandy Loam,Fall
20.6,714.1,99.5,6.9,136.8,162.5,97.9,140.2,Sandy Loam,Spring
18.9,707.8,99.5,6.7,128.6,163.9,98.2,130.2,Sandy Loam,Spring
17.1,715.0,98.6,6.6,119.8,169.4,87.9,139.7,Sandy Loam,Spring
21.2,743.1,99.5,6.2,126.7,152.2,101.9,137.4,Sandy Loam,Spring
19.8,679.8,98.9,6.4,125.5,163.1,101.5,130.0,Sandy Loam,Spring
20.9,643.9,99.2,6.3,112.6,159.7,109.2,125.1,Sandy Loam,Spring
19.1,702.9,99.2,6.4,112.7,170.3,103.1,131.9,Sandy Loam,Spring
19.0,702.8,98.8,6.5,121.9,168.2,104.8,118.5,Sandy Loam,Spring
19.3,781.8,98.9,6.6,116.1,157.7,91.6,119.1,Sandy Loam,Spring
21.0,697.9,99.5,6.6,114.6,155.7,101.6,124.4,Sandy Loam,Spring
17.1,698.3,99.2,6.8,112.1,156.1,100.5,121.9,Sandy Loam,Fall
21.0,697.3,99.2,6.3,124.7,155.7,102.5,133.0,Sandy Loam,Spring
20.1,749.4,99.9,6.6,122.3,139.6,98.3,135.5,Sandy Loam,Spring
21.7,699.6,98.7,6.4,115.2,168.8,108.5,117.3,Sandy Loam,Fall
18.3,767.6,99.3,6.5,113.0,169.6,99.5,112.6,Sandy Loam,Fall
20.7,732.2,99.3,6.4,124.0,156.4,96.9,137.0,Sandy Loam,Spring
20.7,741.2,98.5,6.6,114.5,160.3,91.8,120.4,Sandy Loam,Fall
22.8,631.1,97.8,6.4,122.2,157.2,91.4,125.6,Sandy Loam,Fall
20.6,672.3,99.5,6.6,113.7,170.8,104.5,114.6,Sandy Loam,Fall
21.0,689.5,99.8,6.4,109.9,149.6,103.5,141.9,Sandy Loam,Spring
19.3,756.3,99.3,6.2,111.4,163.6,98.0,134.0,Sandy Loam,Fall
18.5,658.4,99.0,6.5,109.4,161.5,91.8,134.8,Sandy Loam,Spring
19.9,689.9,99.1,6.5,115.7,165.4,84.3,133.3,Sandy Loam,Fall
20.1,783.3,98.6,6.3,124.8,152.5,99.6,129.5,Sandy Loam,Spring
20.0,693.6,99.3,6.8,115.7,163.3,105.3,114.5,Sandy Loam,Fall
18.9,667.4,99.8,6.5,127.8,158.0,100.4,122.7,Sandy Loam,Fall
19.6,675.3,99.0,6.7,109.7,160.4,93.5,114.4,Sandy Loam,Spring
18.7,696.5,99.3,6.8,118.6,167.5,100.1,127.7,Sandy Loam,Spring
19.0,735.1,99.5,6.8,116.6,172.6,97.1,124.7,Sandy Loam,Fall
18.5,766.1,98.6,6.3,115.4,160.0,109.9,124.4,Sandy Loam,Fall
19.8,930.6,57.0,6.5,103.3,110.9,155.5,457.6,Loam,Winter
19.0,838.9,52.7,6.5,99.8,97.6,163.0,396.2,Loam,Winter
18.7,873.1,52.8,6.2,99.7,91.4,171.2,253.7,Loam,Summer
19.6,717.3,55.5,6.6,99.6,96.8,160.7,447.8,Loam,Spring
19.8,951.1,54.7,6.6,104.1,100.5,160.5,403.3,Loam,Summer
19.0,829.9,55.8,6.3,102.6,94.2,163.7,346.3,Loam,Summer
18.2,910.4,54.4,6.4,93.9,106.2,153.3,435.1,Loam,Spring
19.8,1027.5,51.7,6.5,97.4,103.1,164.5,415.4,Loam,Winter
18.5,749.0,54.6,6.5,102.4,95.8,157.9,371.9,Loam,Winter
20.0,794.0,58.5,6.6,106.0,113.6,162.7,465.4,Loam,Winter
19.1,742.8,57.5,6.7,97.7,101.7,154.1,342.8,Loam,Winter
18.6,911.0,57.5,6.5,97.3,101.1,171.7,432.8,Loam,Fall
19.5,896.1,53.0,6.3,109.7,86.9,158.6,272.1,Loam,Spring
19.7,821.1,53.6,6.4,100.0,101.8,148.8,358.7,Loam,Spring
19.5,811.6,53.5,6.7,89.2,107.1,151.3,384.8,Loam,Winter
19.8,915.2,57.1,6.4,99.2,97.6,166.6,421.6,Loam,Summer
19.4,876.8,58.2,6.4,100.7,93.4,149.6,387.8,Loam,Summer
19.6,782.7,54.1,6.5,105.9,96.3,163.4,404.6,Loam,Spring
19.9,736.8,57.0,6.5,94.5,105.3,155.0,354.6,Loam,Summer
19.7,914.0,55.0,6.6,99.0,112.3,152.3,321.2,Loam,Summer
20.7,874.3,53.8,6.7,90.1,99.5,155.5,381.2,Loam,Summer
19.0,859.4,51.1,6.2,91.5,91.5,160.7,454.0,Loam,Fall
19.7,721.9,53.8,6.5,94.9,94.7,172.4,423.0,Loam,Winter
19.2,840.1,52.2,6.2,109.2,101.6,157.8,197.2,Loam,Fall
19.8,904.1,57.7,6.7,103.0,102.0,154.3,510.4,Loam,Winter
20.3,888.5,53.5,6.5,112.5,118.2,160.2,498.1,Loam,Fall
18.9,905.8,55.6,6.5,102.5,100.0,161.6,372.5,Loam,Spring
19.2,808.6,52.0,6.7,102.6,109.9,168.9,444.9,Loam,Winter
19.3,773.3,56.8,6.4,104.5,97.4,169.6,372.0,Loam,Summer
19.0,776.0,52.4,6.2,104.6,109.0,157.3,314.8,Loam,Spring
19.6,741.0,55.0,6.2,111.1,102.0,160.7,337.1,Loam,Summer
18.6,844.6,56.5,6.3,105.9,101.3,172.5,319.1,Loam,Winter
19.0,785.0,56.1,6.2,94.5,109.6,154.7,420.4,Loam,Spring
19.9,783.4,52.0,6.5,105.6,94.2,164.0,456.5,Loam,Summer
19.1,714.6,57.9,6.7,110.7,95.7,153.6,322.3,Loam,Fall
19.3,1001.7,57.0,6.5,96.2,99.7,151.5,456.2,Loam,Summer
18.7,875.0,55.2,6.4,99.7,94.8,156.4,418.5,Loam,Spring
19.9,886.0,54.1,6.4,97.9,105.7,166.5,453.9,Loam,Summer
19.1,1042.7,56.2,6.8,91.9,101.1,153.0,415.2,Loam,Fall
19.7,701.3,55.5,6.8,90.5,114.1,150.9,473.6,Loam,Fall
20.1,685.8,54.3,6.5,103.4,93.2,154.3,320.5,Loam,Winter
19.7,771.1,55.1,6.1,101.9,98.6,165.9,488.4,Loam,Spring
19.4,916.1,56.4,6.5,99.9,93.7,170.1,321.3,Loam,Fall
19.1,803.3,55.0,6.5,99.6,106.9,174.4,406.1,Loam,Fall
20.0,842.1,55.2,6.5,91.9,87.2,155.5,433.5,Loam,Spring
18.5,740.4,81.3,6.8,155.4,71.1,187.0,407.4,Loam,Spring
19.3,739.6,68.0,7.1,140.2,71.7,193.9,398.5,Loam,Summer
21.5,787.8,69.4,7.2,151.3,65.2,190.5,256.3,Loam,Fall
17.5,769.4,76.0,7.1,154.7,72.6,188.1,504.8,Loam,Summer
19.3,747.7,65.0,6.9,144.5,87.9,188.7,482.5,Loam,Summer
21.2,912.9,71.4,6.9,142.9,62.5,189.5,445.1,Loam,Spring
21.9,673.7,73.4,6.8,124.9,64.0,192.9,459.1,Loam,Fall
19.2,790.9,72.9,6.6,140.3,70.7,194.1,302.6,Loam,Summer
19.3,750.6,70.6,6.6,140.2,68.6,190.8,356.8,Loam,Summer
21.6,728.3,82.8,6.4,145.3,81.9,188.7,411.4,Loam,Summer
16.9,811.7,78.2,6.6,149.1,88.4,185.1,365.8,Loam,Fall
19.0,859.4,77.4,6.5,144.5,73.3,186.7,518.6,Loam,Spring
18.9,786.6,71.8,6.6,137.7,74.9,190.7,401.2,Loam,Summer
19.3,831.0,78.8,6.6,156.2,65.5,186.5,285.6,Loam,Spring
20.1,675.6,71.9,6.8,129.3,74.8,192.9,489.6,Loam,Spring
21.4,854.9,64.0,7.2,134.2,65.8,188.1,467.3,Loam,Summer
19.1,661.8,73.5,7.2,132.3,72.1,192.7,426.5,Loam,Summer
19.2,806.3,79.5,7.2,132.7,65.6,191.0,351.1,Loam,Fall
20.3,733.1,77.1,6.5,145.6,80.4,194.0,335.7,Loam,Spring
16.6,711.0,78.7,7.2,125.2,77.8,187.4,435.2,Loam,Summer
20.2,760.2,67.6,6.1,141.7,86.8,192.7,418.4,Loam,Spring
20.7,723.0,77.8,6.5,141.1,77.9,186.1,458.1,Loam,Summer
16.5,695.5,66.3,6.6,136.3,75.2,191.3,407.0,Loam,Fall
17.5,522.0,75.0,6.9,129.0,85.3,186.5,506.1,Loam,Fall
21.3,936.5,82.7,6.6,145.3,62.6,187.1,440.2,Loam,Summer
21.0,814.2,76.4,6.9,139.6,71.7,192.8,431.4,Loam,Summer
19.3,735.9,77.8,7.5,137.0,71.6,182.4,406.0,Loam,Summer
17.5,759.2,84.4,5.9,141.1,77.6,195.7,363.9,Loam,Fall
21.4,748.9,81.0,6.8,126.3,77.7,192.7,293.2,Loam,Summer
18.5,854.8,76.1,6.8,144.4,60.6,190.1,209.2,Loam,Fall
16.7,769.4,75.0,6.8,129.6,81.6,192.3,410.4,Loam,Spring
18.7,740.4,70.6,6.7,133.3,64.2,192.8,408.4,Loam,Summer
20.7,693.5,69.7,6.8,131.1,67.3,187.3,321.4,Loam,Spring
20.3,850.8,77.1,6.6,146.8,64.7,189.1,412.4,Loam,Spring
19.1,797.8,77.3,6.4,151.0,64.2,191.5,402.5,Loam,Fall
20.1,880.8,77.3,6.9,139.9,83.4,190.9,341.8,Loam,Fall
19.1,576.9,80.4,7.1,157.1,71.7,187.8,390.4,Loam,Fall
17.9,903.9,81.3,6.7,142.3,77.7,191.8,543.4,Loam,Summer
20.4,906.1,74.8,6.4,133.2,73.8,198.8,317.4,Loam,Spring
19.5,683.8,78.3,6.5,129.8,85.7,185.6,426.7,Loam,Summer
17.8,835.9,69.7,6.6,136.3,73.1,193.4,410.1,Loam,Fall
18.8,659.2,75.2,6.6,161.3,82.3,193.5,435.5,Loam,Spring
19.3,797.4,76.6,6.6,136.6,80.1,187.8,515.3,Loam,Fall
17.3,679.1,63.7,6.5,153.1,78.4,190.4,537.6,Loam,Fall
20.0,712.8,71.2,6.3,142.3,69.9,191.1,447.9,Loam,Fall
19.2,630.6,54.7,6.8,154.8,93.4,182.0,304.2,Loam,Winter
19.2,664.0,55.2,6.5,145.8,81.9,192.5,365.9,Loam,Winter
18.3,847.2,56.5,6.5,144.1,78.6,182.9,493.9,Loam,Winter
14.5,946.2,52.1,6.5,127.2,66.9,186.9,372.4,Loam,Winter
19.5,803.2,53.9,6.2,132.2,69.6,187.3,379.5,Loam,Fall
13.6,942.8,53.2,6.8,136.6,85.3,188.0,453.8,Loam,Fall
19.5,855.6,55.2,6.4,153.0,58.2,190.2,407.7,Loam,Winter
16.1,872.2,55.0,6.7,137.1,82.2,190.6,372.4,Loam,Winter
20.2,982.2,57.4,6.5,142.9,67.9,186.0,421.8,Loam,Fall
19.4,991.7,56.2,6.6,145.2,62.5,190.2,523.3,Loam,Fall
21.3,733.6,55.2,6.6,135.2,69.2,194.0,418.3,Loam,Fall
22.2,795.9,53.9,6.4,135.6,91.1,187.8,399.9,Loam,Winter
18.8,901.4,54.9,6.5,143.0,82.3,194.5,383.0,Loam,Fall
18.8,982.2,59.3,6.6,139.4,64.1,188.2,413.8,Loam,Winter
13.1,803.3,55.1,6.6,140.8,62.4,187.2,443.1,Loam,Winter
14.6,865.0,56.1,6.9,148.8,72.4,194.1,373.7,Loam,Fall
11.0,934.3,52.4,6.6,133.5,63.0,193.5,235.0,Loam,Fall
18.4,826.5,56.5,6.5,132.3,72.4,191.3,494.1,Loam,Winter
16.9,768.0,55.5,6.5,134.6,82.1,189.8,367.8,Loam,Winter
18.0,1023.5,54.0,6.2,133.7,68.2,191.5,522.8,Loam,Fall
18.4,951.7,54.0,6.7,140.1,75.7,191.7,322.5,Loam,Fall
16.9,742.8,54.0,6.4,141.2,87.0,189.9,416.5,Loam,Fall
19.7,737.0,53.0,6.5,149.2,67.1,187.5,449.5,Loam,Fall
23.1,841.0,55.3,6.7,138.3,76.8,195.6,430.0,Loam,Winter
16.2,927.4,57.0,6.1,140.9,90.8,184.0,357.5,Loam,Fall
16.1,823.1,55.1,6.4,139.2,65.1,182.9,468.4,Loam,Winter
18.7,1059.9,55.0,6.7,136.9,77.9,190.8,497.9,Loam,Fall
15.3,916.1,56.9,6.4,139.2,98.1,186.7,296.6,Loam,Winter
19.1,843.4,53.6,6.3,129.1,67.1,198.1,414.7,Loam,Fall
19.2,941.8,55.0,6.4,127.2,86.4,186.9,491.0,Loam,Fall
16.4,875.5,54.3,6.3,147.0,67.1,190.9,407.6,Loam,Fall
17.5,890.1,55.9,6.7,138.3,74.8,189.1,253.4,Loam,Winter
17.8,908.0,53.9,6.7,136.1,71.4,187.9,489.6,Loam,Fall
20.9,864.5,56.0,6.6,144.3,75.8,194.7,297.6,Loam,Winter
17.5,930.6,56.6,6.6,138.1,77.6,196.2,224.7,Loam,Fall
18.4,787.4,51.4,6.4,143.7,71.4,184.9,414.3,Loam,Winter
17.7,735.2,56.8,6.5,134.4,87.8,191.4,433.6,Loam,Winter
17.8,869.2,54.3,6.5,145.9,59.7,190.2,415.8,Loam,Winter
19.5,930.2,56.2,6.8,136.1,59.6,189.7,362.6,Loam,Winter
15.6,919.1,53.8,6.7,140.9,82.7,189.9,315.9,Loam,Fall
17.0,872.8,53.1,6.5,126.0,86.7,193.6,520.5,Loam,Winter
16.5,851.9,57.9,6.5,132.9,75.1,196.5,406.0,Loam,Winter
16.5,859.7,55.5,6.8,126.9,83.0,197.4,272.9,Loam,Winter
17.3,762.2,57.1,6.6,154.6,79.7,184.6,429.5,Loam,Fall
16.4,754.2,57.3,6.5,150.4,78.1,193.7,322.2,Loam,Winter
22.1,737.1,44.9,6.5,165.1,256.1,344.4,904.3,Sandy Loam,Fall
21.4,645.6,45.2,6.5,190.2,277.4,390.4,929.0,Sandy Loam,Spring
22.5,709.7,47.4,6.4,149.5,271.4,298.0,939.5,Sandy Loam,Summer
23.8,679.9,44.5,6.5,177.7,277.7,216.5,942.8,Loam,Fall
21.0,669.8,47.1,6.5,167.7,219.8,293.0,929.1,Sandy Loam,Fall
21.5,694.9,44.2,6.5,163.1,184.5,384.7,909.1,Sandy Loam,Summer
25.8,680.6,47.0,6.5,180.7,221.7,333.5,926.7,Loam,Spring
22.4,644.3,47.0,6.6,130.7,214.4,296.4,910.9,Sandy Loam,Summer
21.2,604.7,45.2,6.3,178.7,276.0,312.1,919.7,Loam,Spring
19.6,648.0,43.3,6.5,159.1,266.8,361.1,934.7,Loam,Spring
22.3,698.6,45.1,6.5,156.4,201.7,295.7,921.8,Sandy Loam,Spring
21.0,695.6,44.5,6.3,170.2,174.0,287.2,938.3,Sandy Loam,Summer
22.9,743.1,45.6,6.4,168.1,241.2,320.4,916.8,Loam,Summer
20.9,729.0,41.8,7.0,189.9,256.3,324.4,929.4,Loam,Fall
21.1,719.4,47.0,6.7,170.9,211.3,310.4,917.4,Loam,Fall
23.8,727.2,43.1,6.3,171.0,244.7,313.1,950.8,Sandy Loam,Spring
22.4,738.4,44.3,6.3,165.8,256.9,286.9,948.9,Loam,Summer
23.0,757.8,43.1,6.3,167.8,239.0,287.2,935.3,Sandy Loam,Spring
23.2,677.6,47.4,6.8,161.4,272.0,297.1,974.8,Sandy Loam,Spring
21.5,704.5,43.0,6.6,138.3,245.2,323.4,929.5,Sandy Loam,Spring
20.8,675.9,46.6,6.5,177.5,274.1,321.1,941.1,Loam,Summer
23.8,718.4,41.2,6.4,160.3,205.7,322.5,922.7,Sandy Loam,Summer
20.5,756.3,45.8,6.7,174.3,213.6,307.1,932.5,Loam,Spring
22.5,704.2,46.0,6.4,152.3,208.1,345.4,916.6,Loam,Fall
22.1,697.2,46.2,6.4,148.3,207.4,358.7,901.2,Loam,Spring
22.4,719.0,42.4,6.4,172.1,235.4,341.9,917.8,Loam,Summer
23.2,673.6,44.2,6.8,152.4,251.1,312.8,927.6,Loam,Summer
22.3,599.4,45.7,6.1,176.1,234.8,277.6,947.8,Loam,Summer
22.1,680.5,43.9,6.3,180.9,216.6,297.9,936.6,Sandy Loam,Summer
21.0,690.2,44.7,5.8,155.3,278.2,292.0,907.3,Sandy Loam,Spring
20.5,754.9,43.3,6.5,176.3,270.5,359.7,938.3,Sandy Loam,Summer
22.6,712.6,44.0,6.5,181.7,279.3,266.6,918.6,Loam,Spring
23.1,644.8,47.1,6.6,177.5,229.5,335.8,927.2,Loam,Summer
22.2,702.4,47.5,6.4,149.6,212.7,378.1,967.3,Sandy Loam,Summer
23.3,695.7,45.4,6.7,133.2,258.2,298.5,918.3,Loam,Spring
21.2,731.5,45.0,6.5,171.7,269.5,322.2,931.3,Sandy Loam,Fall
22.9,707.2,44.3,6.7,195.8,255.1,367.2,934.2,Sandy Loam,Summer
18.8,713.5,46.3,6.2,161.8,259.2,264.9,906.6,Sandy Loam,Summer
20.5,699.9,40.9,6.7,165.5,241.0,258.5,935.3,Sandy Loam,Summer
25.1,688.5,44.1,6.5,171.5,262.5,289.8,895.9,Loam,Spring
20.2,752.9,44.0,6.5,168.3,245.8,321.1,923.3,Sandy Loam,Summer
22.6,664.3,45.0,6.6,165.2,287.7,289.4,935.8,Sandy Loam,Fall
21.4,806.4,45.1,6.4,129.8,258.6,290.8,945.5,Loam,Summer
22.9,689.4,45.8,6.7,153.5,289.2,258.5,914.5,Loam,Fall
22.8,657.9,48.0,6.7,192.6,202.2,324.6,943.2,Loam,Summer
21.5,886.1,69.3,6.5,356.5,143.6,521.4,594.2,Loam,Summer
24.7,871.0,75.9,6.4,337.5,147.9,518.1,648.1,Loam,Spring
25.3,938.2,72.0,6.3,353.9,146.0,529.7,395.2,Loam,Summer
27.1,887.9,74.3,6.4,359.1,143.7,499.9,510.7,Loam,Fall
27.4,904.8,78.9,6.1,373.2,144.0,486.1,475.8,Loam,Fall
24.8,799.2,73.9,6.3,354.6,145.3,495.8,616.2,Loam,Spring
19.6,932.3,72.8,6.4,355.8,142.1,506.4,516.1,Loam,Summer
20.1,829.0,72.8,6.1,335.1,142.1,512.1,416.4,Loam,Summer
24.9,725.7,76.5,6.8,352.1,147.6,550.7,450.7,Loam,Summer
25.6,1070.5,78.6,6.2,342.8,147.1,547.3,522.9,Loam,Fall
22.1,997.8,76.2,6.4,355.2,145.3,515.6,630.4,Loam,Spring
27.8,924.1,78.1,6.3,333.8,146.7,486.5,572.3,Loam,Spring
21.2,832.6,78.8,6.2,366.2,146.7,526.9,623.6,Loam,Fall
21.3,928.2,73.5,6.2,349.1,142.8,522.8,561.8,Loam,Spring
21.7,892.8,79.8,5.9,357.7,142.5,548.9,461.6,Loam,Summer
21.5,872.5,83.8,6.5,340.5,145.2,539.8,463.2,Loam,Spring
21.0,1020.1,73.3,6.2,329.4,143.7,508.1,485.3,Loam,Summer
25.4,901.1,72.2,6.1,342.1,147.0,544.0,524.0,Loam,Fall
22.8,885.4,74.9,5.9,356.7,148.6,526.5,523.6,Loam,Fall
21.0,1014.5,75.6,6.2,323.6,143.2,506.7,558.1,Loam,Spring
21.4,978.3,74.7,6.0,331.1,145.5,529.3,636.1,Loam,Spring
25.5,910.9,70.4,6.1,387.4,146.3,530.1,661.9,Loam,Spring
20.8,1066.1,76.7,6.1,347.6,147.0,515.3,531.8,Loam,Fall
21.3,1000.0,74.9,6.3,360.9,145.6,531.2,360.3,Loam,Fall
22.9,841.0,76.1,6.1,331.2,146.0,501.3,457.7,Loam,Spring
21.3,950.5,76.4,5.9,343.7,146.8,514.9,639.7,Loam,Spring
23.2,1024.4,78.4,6.0,372.5,146.3,481.8,578.3,Loam,Summer
26.8,873.0,77.2,6.4,357.7,145.3,507.3,650.1,Loam,Fall
25.2,907.4,76.2,5.9,341.1,142.1,526.1,650.4,Loam,Summer
25.2,935.3,73.1,6.2,349.6,147.8,518.5,527.0,Loam,Spring
25.0,817.0,78.8,6.3,336.0,145.3,519.4,457.5,Loam,Summer
20.2,879.6,76.7,6.1,354.1,146.2,528.2,540.6,Loam,Spring
20.9,751.2,73.5,6.1,337.1,143.4,513.9,604.2,Loam,Spring
22.1,685.6,76.1,5.9,352.3,142.7,508.7,589.8,Loam,Summer
22.9,882.8,80.0,6.5,384.8,145.2,514.8,391.3,Loam,Fall
21.4,745.4,72.8,5.9,351.5,146.6,526.7,502.9,Loam,Summer
24.7,885.9,73.0,6.0,358.1,143.9,466.9,594.4,Loam,Fall
23.1,893.8,71.7,6.3,359.8,146.9,525.1,447.3,Loam,Summer
18.8,926.8,75.9,6.5,337.3,144.9,520.7,486.7,Loam,Spring
23.6,1134.6,74.8,6.1,339.2,142.6,506.3,341.3,Loam,Spring
23.4,900.7,74.6,6.2,370.8,147.3,490.9,450.9,Loam,Spring
22.7,912.4,72.9,6.5,364.8,145.5,515.4,537.6,Loam,Spring
25.1,1002.9,78.2,6.2,349.3,141.8,562.8,411.3,Loam,Fall
23.7,880.6,74.4,6.3,376.1,144.2,511.3,528.9,Loam,Summer
22.6,1060.2,73.2,6.3,342.4,146.7,525.6,584.7,Loam,Fall
18.3,1358.9,46.8,6.5,104.8,114.9,119.7,310.2,Loam,Fall
17.6,1503.5,47.6,6.2,107.9,114.7,92.9,263.6,Loam,Fall
18.6,1366.7,44.8,6.8,98.9,113.9,115.2,307.7,Loam,Spring
16.5,1230.9,46.8,6.4,108.9,113.7,106.2,256.2,Loam,Spring
18.4,1465.0,45.3,6.5,97.4,103.3,104.4,286.2,Loam,Spring
20.9,1134.3,50.1,6.6,98.3,104.9,98.7,265.8,Loam,Fall
16.9,1278.6,46.8,6.7,105.9,79.7,111.0,296.9,Loam,Fall
19.0,1552.1,45.2,6.4,97.4,84.6,73.6,280.6,Loam,Fall
18.1,1276.6,43.8,6.7,97.1,103.4,117.3,334.3,Loam,Spring
19.2,1538.2,43.8,6.6,88.4,98.9,100.7,313.4,Loam,Spring
17.7,1527.3,42.1,6.6,83.4,123.1,99.2,339.0,Loam,Fall
15.2,1275.8,42.6,6.8,100.0,93.6,95.6,321.9,Loam,Fall
19.0,1262.8,45.0,6.4,78.3,104.6,96.2,334.0,Loam,Fall
17.1,1366.8,45.2,6.1,95.0,98.4,92.2,328.1,Loam,Fall
16.3,1569.0,43.0,6.6,87.2,97.6,85.8,350.1,Loam,Fall
19.1,1621.5,45.4,6.7,109.7,112.2,95.2,264.1,Loam,Fall
18.4,1293.4,43.7,6.4,96.9,100.7,120.0,324.5,Loam,Spring
16.3,1599.1,42.1,6.6,116.1,81.5,107.7,320.1,Loam,Spring
17.4,1429.2,46.3,6.7,86.5,116.0,110.1,297.5,Loam,Fall
17.8,1675.0,42.4,6.5,93.7,104.5,112.6,279.2,Loam,Spring
16.4,1471.0,46.8,6.6,107.0,86.5,101.8,291.0,Loam,Spring
16.4,1388.7,44.5,6.6,95.1,121.6,101.4,260.7,Loam,Spring
17.2,1755.0,46.5,6.4,107.2,116.3,95.7,326.4,Loam,Fall
17.5,1258.3,44.6,6.4,103.3,103.2,102.7,259.0,Loam,Fall
19.0,1458.1,47.1,6.3,112.5,100.6,102.4,257.7,Loam,Spring
18.5,1339.8,44.0,6.6,95.7,116.4,87.4,321.1,Loam,Fall
16.8,1515.9,45.4,6.6,105.7,109.7,98.0,297.7,Loam,Spring
16.5,1645.2,46.5,6.4,119.2,112.1,102.7,279.3,Loam,Fall
17.7,1579.5,44.7,6.7,100.9,119.6,99.3,314.8,Loam,Fall
18.6,1418.0,44.4,6.6,110.8,122.5,86.2,335.1,Loam,Fall
18.2,1338.6,46.1,6.5,100.4,90.0,106.7,293.0,Loam,Spring
17.3,1533.5,44.6,6.8,80.2,108.4,92.6,270.2,Loam,Fall
19.0,1332.3,45.8,6.4,109.8,105.0,102.1,301.5,Loam,Fall
16.8,1484.4,46.6,6.7,104.4,104.0,102.1,283.6,Loam,Fall
17.8,1371.8,44.1,6.5,102.8,100.5,117.2,241.7,Loam,Spring
16.1,1337.4,47.4,6.7,100.6,112.3,100.6,268.6,Loam,Fall
17.3,1598.4,46.0,6.7,112.7,86.0,141.1,277.3,Loam,Spring
16.4,1231.5,45.8,6.1,109.9,132.9,101.3,331.2,Loam,Spring
15.8,1321.4,45.1,6.4,114.7,117.8,119.1,278.6,Loam,Fall
15.6,1277.7,43.6,6.3,94.3,90.8,84.1,254.8,Loam,Spring
19.1,1325.4,47.8,6.7,84.6,109.1,114.5,301.4,Loam,Fall
16.1,1298.3,48.8,6.3,106.7,101.3,104.9,374.4,Loam,Fall
18.3,1493.8,45.2,6.5,114.3,114.9,98.7,340.9,Loam,Fall
16.8,1493.5,46.1,6.1,108.3,116.9,104.1,282.8,Loam,Fall
18.1,1141.1,45.1,6.4,113.0,103.7,115.7,375.1,Loam,Spring
20.4,1107.4,66.2,6.4,48.9,27.2,71.2,503.5,Sandy Loam,Spring
26.8,1090.1,68.5,6.2,49.1,24.4,71.9,540.2,Sandy Loam,Summer
23.0,1125.5,68.1,6.7,48.7,18.0,75.7,557.7,Sandy Loam,Spring
27.9,1120.8,68.6,6.8,48.6,26.3,74.9,637.9,Sandy Loam,Summer
24.1,1142.0,69.0,6.7,48.0,27.4,76.7,464.7,Sandy Loam,Spring
26.9,1095.6,67.9,6.8,48.6,21.6,74.1,428.1,Sandy Loam,Spring
21.5,1107.9,72.8,6.7,48.4,24.9,70.4,485.5,Sandy Loam,Summer
27.2,1075.8,71.0,6.9,48.6,26.2,67.4,518.7,Sandy Loam,Spring
25.6,1088.4,71.2,6.8,48.8,29.0,70.9,515.9,Sandy Loam,Summer
25.7,1093.8,74.7,6.6,48.2,22.3,72.3,526.8,Sandy Loam,Summer
26.9,1080.2,69.8,7.1,48.5,22.8,74.9,410.3,Sandy Loam,Spring
23.7,1053.8,73.4,6.7,48.8,26.7,73.6,589.5,Sandy Loam,Spring
24.9,1079.1,66.1,6.9,48.4,31.9,77.5,482.1,Sandy Loam,Summer
24.3,1108.4,67.0,6.5,48.2,21.4,74.5,644.6,Sandy Loam,Spring
26.5,1056.6,71.2,7.0,48.8,26.9,72.8,437.7,Sandy Loam,Spring
28.2,1156.0,71.6,6.9,49.5,31.2,74.4,584.3,Sandy Loam,Summer
26.3,1056.6,72.8,6.9,49.0,23.8,73.0,600.3,Sandy Loam,Spring
27.4,1124.2,74.5,6.3,49.1,28.1,70.5,554.3,Sandy Loam,Spring
27.3,1118.6,71.8,6.8,48.5,23.4,69.7,583.4,Sandy Loam,Summer
24.5,1121.9,65.3,6.9,48.3,20.0,77.8,498.2,Sandy Loam,Summer
18.4,1078.3,69.1,6.6,47.9,27.1,74.0,496.7,Sandy Loam,Summer
21.8,1026.3,61.3,6.5,48.9,31.4,76.3,576.0,Sandy Loam,Spring
24.7,1145.2,73.4,6.9,48.1,27.6,72.5,583.3,Sandy Loam,Summer
21.1,1062.8,70.0,6.9,48.0,20.1,71.3,640.4,Sandy Loam,Spring
22.8,1108.3,72.5,6.7,48.7,30.6,69.6,588.7,Sandy Loam,Spring
26.4,1061.3,75.6,6.6,48.1,27.2,72.2,358.0,Sandy Loam,Spring
22.3,1090.0,71.0,7.0,47.7,21.3,70.0,540.9,Sandy Loam,Spring
21.7,1112.8,66.4,6.6,48.4,33.5,70.8,521.7,Sandy Loam,Summer
19.6,1092.5,67.9,6.8,48.7,39.2,73.1,466.9,Sandy Loam,Spring
24.0,1142.0,71.3,6.9,48.1,27.9,70.7,547.6,Sandy Loam,Spring
23.3,1107.2,69.0,6.9,49.2,23.0,71.8,563.9,Sandy Loam,Spring
26.3,1133.7,65.4,6.9,49.1,31.8,75.7,490.6,Sandy Loam,Spring
23.2,1047.3,75.4,6.3,48.9,20.7,70.9,574.3,Sandy Loam,Spring
25.3,1109.6,68.0,6.8,48.3,18.2,73.5,667.7,Sandy Loam,Spring
27.2,1056.2,69.9,6.9,48.2,30.9,70.0,565.9,Sandy Loam,Summer
25.1,1097.6,72.1,6.7,47.8,32.2,73.4,575.2,Sandy Loam,Summer
25.4,1161.4,69.2,7.0,49.6,26.6,68.6,463.7,Sandy Loam,Spring
26.1,1080.7,67.5,6.6,48.4,30.3,71.1,471.7,Sandy Loam,Spring
25.2,1073.4,67.3,6.9,48.8,27.5,69.1,622.1,Sandy Loam,Spring
25.6,1137.5,67.6,6.3,48.5,27.9,70.0,432.7,Sandy Loam,Spring
25.8,1109.4,73.2,6.9,48.5,32.9,69.4,568.1,Sandy Loam,Spring
25.7,1069.1,71.2,7.2,49.4,25.3,78.8,528.5,Sandy Loam,Summer
29.7,1118.7,62.4,6.6,48.5,26.8,77.6,373.8,Sandy Loam,Summer
29.3,1117.6,74.3,6.4,47.5,25.5,72.2,609.3,Sandy Loam,Summer
23.7,1093.5,68.3,6.7,48.2,31.8,75.0,689.1,Sandy Loam,Summer
24.0,1478.3,53.8,5.6,143.8,155.4,221.8,523.4,Sandy Loam,Fall
24.4,1373.3,55.4,6.4,147.0,155.2,222.9,545.4,Sandy Loam,Summer
24.1,1392.5,54.9,6.0,143.9,152.7,231.3,621.5,Sandy Loam,Fall
26.5,1354.3,55.2,6.2,146.3,155.2,226.1,700.5,Sandy Loam,Spring
25.0,1455.2,55.7,6.1,143.2,154.7,224.8,594.7,Sandy Loam,Fall
24.0,1372.8,54.4,6.4,143.6,153.5,222.3,467.5,Sandy Loam,Summer
24.5,1453.9,52.9,6.5,145.5,153.4,223.1,593.7,Sandy Loam,Summer
23.1,1498.4,53.3,6.0,145.7,151.5,217.6,616.4,Sandy Loam,Summer
25.0,1401.8,57.3,6.1,146.5,156.0,223.2,499.0,Sandy Loam,Spring
25.2,1449.1,55.9,6.2,144.4,157.9,222.1,737.1,Sandy Loam,Summer
23.8,1366.4,52.7,6.1,144.1,157.7,228.6,524.2,Sandy Loam,Spring
25.2,1350.5,57.9,6.1,145.6,157.4,221.9,557.3,Sandy Loam,Fall
25.1,1449.1,53.0,6.2,142.9,154.2,222.9,522.3,Sandy Loam,Spring
23.7,1429.3,57.0,6.1,143.6,156.1,226.2,655.9,Sandy Loam,Fall
25.2,1372.1,54.0,6.5,145.8,153.8,231.7,481.9,Sandy Loam,Spring
23.2,1369.4,55.8,5.9,147.2,153.5,228.7,531.6,Sandy Loam,Fall
26.3,1367.9,53.6,6.3,144.3,157.0,225.4,489.1,Sandy Loam,Spring
24.5,1441.9,55.8,6.0,142.5,158.9,224.5,558.8,Sandy Loam,Summer
24.0,1452.2,54.2,6.1,143.7,154.9,221.9,523.8,Sandy Loam,Fall
24.1,1413.0,59.3,6.3,144.4,155.6,226.8,616.8,Sandy Loam,Fall
24.5,1379.1,55.7,6.1,143.7,157.7,232.0,540.0,Sandy Loam,Fall
22.8,1442.8,56.6,6.4,143.6,155.9,219.4,627.0,Sandy Loam,Fall
24.4,1428.6,56.1,6.3,145.8,154.6,224.8,589.7,Sandy Loam,Fall
24.0,1281.4,54.7,6.1,141.5,152.2,217.1,491.4,Sandy Loam,Spring
24.2,1363.5,54.9,6.1,147.4,151.7,227.2,396.0,Sandy Loam,Fall
24.8,1475.0,53.2,6.0,144.0,155.9,222.7,503.4,Sandy Loam,Summer
25.1,1422.3,53.4,6.2,146.3,155.4,225.3,650.3,Sandy Loam,Summer
23.2,1321.7,55.7,6.2,142.3,153.1,219.8,523.7,Sandy Loam,Spring
24.7,1455.5,55.5,6.5,144.3,154.5,227.3,603.4,Sandy Loam,Summer
25.0,1372.5,55.1,6.4,146.4,155.6,219.5,512.2,Sandy Loam,Spring
25.0,1289.1,52.9,6.1,143.2,157.5,220.4,541.3,Sandy Loam,Spring
25.0,1348.4,53.2,6.0,144.7,153.2,226.8,577.9,Sandy Loam,Fall
25.4,1359.7,56.6,6.2,143.8,154.6,222.9,539.9,Sandy Loam,Spring
23.8,1354.5,54.2,6.1,145.9,153.7,229.3,565.7,Sandy Loam,Summer
25.2,1422.4,57.1,6.2,142.8,156.3,231.2,470.0,Sandy Loam,Summer
24.5,1375.0,56.0,6.1,142.1,154.7,229.8,518.9,Sandy Loam,Fall
26.1,1373.3,54.5,6.0,143.8,155.7,232.5,450.7,Sandy Loam,Fall
25.5,1355.9,57.3,6.1,145.3,154.4,223.4,539.4,Sandy Loam,Summer
24.4,1406.6,53.5,5.9,143.6,153.9,227.9,469.0,Sandy Loam,Fall
23.9,1343.2,55.2,6.3,142.4,157.2,224.0,602.1,Sandy Loam,Summer
25.1,1439.8,54.8,6.4,144.8,158.4,224.0,687.3,Sandy Loam,Fall
23.2,1464.1,52.8,6.4,143.8,154.4,220.5,501.4,Sandy Loam,Summer
24.9,1354.1,54.9,6.0,144.4,156.2,219.2,603.7,Sandy Loam,Fall
24.9,1297.9,57.4,6.1,141.9,157.1,228.3,579.2,Sandy Loam,Spring
23.4,1336.0,53.0,6.1,146.0,152.5,217.7,546.6,Sandy Loam,Fall
16.9,1268.4,48.2,6.7,52.1,114.0,171.9,234.7,Loam,Spring
17.9,1166.3,56.2,6.8,47.9,133.8,198.2,233.3,Loam,Fall
21.3,1239.9,48.0,7.0,58.3,128.4,161.5,244.5,Loam,Spring
17.8,1195.9,51.3,6.9,52.0,164.7,172.9,272.5,Loam,Spring
18.2,1307.5,48.9,7.5,52.1,145.2,166.3,290.8,Loam,Fall
18.7,1091.5,48.0,7.2,64.5,137.4,184.0,273.9,Loam,Fall
17.8,1146.7,57.5,7.4,54.2,140.6,174.4,211.6,Loam,Spring
18.3,1117.8,50.6,7.4,60.7,114.3,163.3,244.6,Loam,Spring
18.0,1213.6,52.3,6.9,44.9,109.0,188.0,254.2,Loam,Spring
16.3,1204.2,53.6,7.4,53.8,104.2,165.5,274.3,Loam,Fall
20.8,1239.4,46.2,7.2,53.0,129.0,159.6,259.7,Loam,Fall
19.9,1117.8,47.9,7.2,49.6,116.9,183.7,240.7,Loam,Spring
21.3,1152.8,48.6,7.1,43.3,136.0,202.1,244.7,Loam,Fall
20.0,1223.1,51.6,7.5,49.1,118.0,162.2,290.2,Loam,Spring
17.9,1180.1,43.4,7.0,52.8,93.7,162.7,242.3,Loam,Fall
19.6,1125.6,52.1,7.0,54.4,122.0,167.2,249.3,Loam,Fall
17.8,1259.9,53.5,6.9,58.3,136.6,175.8,229.6,Loam,Fall
20.5,1222.2,47.1,6.7,47.0,126.2,172.9,257.6,Loam,Spring
19.0,1241.0,51.3,7.3,50.1,150.5,132.9,283.3,Loam,Fall
19.2,1195.3,54.4,7.5,54.1,118.5,183.5,247.1,Loam,Spring
16.8,1191.4,50.8,7.5,47.4,150.0,207.7,248.4,Loam,Fall
18.8,1167.3,49.8,7.3,52.6,122.9,146.5,260.3,Loam,Spring
20.1,1259.8,47.3,7.1,53.3,139.3,186.5,281.8,Loam,Spring
20.4,1245.1,50.3,7.4,53.5,137.5,175.5,244.7,Loam,Fall
21.5,1252.9,48.7,7.1,44.0,138.4,159.0,248.0,Loam,Fall
20.9,1209.3,51.5,6.7,55.2,125.9,200.7,242.9,Loam,Spring
17.4,1183.2,51.4,7.2,53.2,154.3,153.2,271.3,Loam,Fall
19.7,1189.2,47.5,7.0,57.8,124.9,167.8,267.4,Loam,Spring
21.6,1266.1,53.8,7.3,57.4,113.1,175.6,248.8,Loam,Fall
18.6,1210.8,53.6,7.4,48.4,136.4,159.1,255.9,Loam,Spring
21.0,1282.7,47.6,7.4,48.5,131.3,177.1,263.1,Loam,Fall
19.6,1374.1,54.7,7.0,56.3,148.0,172.4,258.4,Loam,Spring
18.4,1161.5,48.6,7.3,54.7,122.5,149.8,243.8,Loam,Spring
16.9,1116.8,54.4,7.4,46.0,132.3,172.2,233.3,Loam,Spring
17.8,1186.2,52.4,7.4,52.1,109.6,166.3,250.9,Loam,Spring
18.5,1223.9,53.2,7.6,49.1,126.6,157.0,248.7,Loam,Spring
17.9,1280.7,45.1,6.9,53.9,133.1,175.5,222.9,Loam,Spring
19.5,1077.8,50.3,7.0,48.8,130.0,173.1,253.7,Loam,Fall
16.1,1148.8,48.1,7.1,48.1,134.3,182.5,248.1,Loam,Fall
19.7,1152.2,54.5,7.1,52.3,148.6,160.9,272.5,Loam,Spring
18.0,1165.4,44.7,7.3,56.4,129.4,157.1,278.5,Loam,Spring
17.1,1255.7,47.3,7.3,46.0,124.3,179.3,226.6,Loam,Spring
19.4,1083.1,44.1,6.4,57.9,148.6,160.5,214.7,Loam,Fall
17.8,1215.3,51.8,6.9,53.4,148.1,173.4,227.6,Loam,Fall
19.0,1193.2,50.6,7.5,49.3,144.1,229.1,272.4,Loam,Spring
26.7,813.9,92.4,6.4,143.8,63.4,137.4,654.1,Loam,Summer
19.0,756.8,93.4,6.6,132.0,59.6,130.8,530.0,Loam,Summer
20.1,772.6,93.0,6.7,137.3,61.2,138.8,571.3,Loam,Summer
23.3,773.1,93.6,6.2,149.4,54.4,125.6,562.4,Loam,Summer
19.6,789.1,91.7,6.9,134.1,58.5,134.7,624.9,Loam,Summer
24.5,776.7,92.8,6.7,130.6,55.9,131.0,605.4,Loam,Fall
27.0,765.4,92.6,7.0,144.2,57.4,141.8,526.4,Loam,Fall
24.9,775.2,92.9,5.9,140.8,66.4,136.4,610.8,Loam,Fall
22.5,752.0,92.3,6.6,134.3,63.3,142.9,591.2,Loam,Fall
23.0,797.6,91.7,6.6,139.7,62.8,144.4,653.4,Loam,Summer
22.9,808.4,92.5,6.3,129.2,62.2,141.7,605.6,Loam,Summer
23.6,779.6,94.3,6.3,143.1,54.6,139.8,576.7,Loam,Summer
16.9,817.9,92.5,6.4,147.2,60.8,140.0,535.7,Loam,Summer
21.6,778.3,92.8,6.9,132.3,62.2,142.5,626.3,Loam,Fall
18.9,759.4,93.0,6.9,143.8,53.7,145.0,659.5,Loam,Fall
21.8,806.7,92.0,6.2,133.4,59.8,132.8,545.9,Loam,Fall
24.9,764.2,93.4,6.3,146.1,54.7,134.1,633.1,Loam,Summer
21.6,817.3,92.5,6.9,136.2,64.0,139.5,617.1,Loam,Summer
23.3,832.5,92.6,6.4,151.0,60.7,130.5,621.2,Loam,Summer
23.8,775.9,92.7,6.3,129.9,62.5,146.7,613.6,Loam,Summer
21.1,766.7,92.4,6.6,134.9,56.4,140.8,587.7,Loam,Summer
22.5,789.2,93.2,6.2,138.8,58.3,139.4,602.3,Loam,Summer
20.6,788.9,94.5,6.9,138.0,55.8,148.3,597.4,Loam,Fall
19.5,769.5,91.5,6.2,136.6,58.0,143.8,623.7,Loam,Summer
19.7,776.1,92.8,6.9,131.6,60.6,147.5,695.0,Loam,Summer
24.0,811.4,92.8,6.6,141.3,56.0,142.8,574.0,Loam,Fall
23.7,793.7,93.5,6.3,126.0,57.6,142.5,657.1,Loam,Fall
23.6,759.4,94.5,6.2,147.6,58.4,127.2,601.1,Loam,Summer
22.0,755.5,92.1,6.4,133.7,62.4,128.8,553.3,Loam,Summer
20.3,713.8,91.0,6.9,153.9,62.3,153.6,575.4,Loam,Fall
24.0,735.7,93.2,6.4,141.7,60.7,150.0,584.7,Loam,Fall
22.9,707.8,93.4,6.9,138.7,54.5,135.5,572.3,Loam,Fall
25.3,760.9,91.9,6.2,129.1,57.4,132.3,556.6,Loam,Fall
17.1,810.6,92.0,6.5,147.0,60.7,135.6,595.7,Loam,Summer
21.9,804.5,91.9,6.8,136.7,63.8,139.0,588.7,Loam,Summer
18.5,735.5,90.8,6.5,134.7,59.9,143.3,614.4,Loam,Summer
22.2,778.2,92.9,6.3,142.0,57.1,139.7,568.1,Loam,Fall
26.0,794.4,91.9,6.8,146.5,65.9,134.0,568.0,Loam,Summer
20.8,767.6,95.3,6.5,143.5,58.0,138.3,611.5,Loam,Fall
18.9,792.6,92.4,6.6,138.3,58.9,149.2,604.1,Loam,Summer
23.2,742.8,92.3,6.6,137.7,56.3,149.4,524.1,Loam,Summer
25.6,717.4,92.0,6.2,132.3,60.4,134.4,554.0,Loam,Summer
23.2,831.7,91.9,6.5,144.7,59.1,141.3,581.3,Loam,Summer
21.5,785.7,92.6,6.5,137.0,56.5,141.0,651.3,Loam,Fall
21.1,754.6,92.7,6.6,143.4,60.0,152.8,625.3,Loam,Summer
17.2,946.0,63.5,6.0,158.7,42.7,128.1,322.5,Sandy,Fall
14.6,933.5,66.8,5.9,146.5,38.1,125.5,300.1,Sandy,Spring
14.1,1069.8,67.8,6.4,146.1,42.6,125.5,343.8,Sandy,Spring
15.0,1091.9,66.5,6.6,148.1,41.1,125.3,254.3,Sandy,Spring
19.1,979.6,66.8,6.3,152.8,44.5,117.7,305.9,Sandy,Fall
12.7,1035.0,61.6,5.8,137.2,42.0,119.0,304.0,Sandy,Fall
12.7,982.2,63.3,6.2,147.5,45.0,120.4,283.1,Sandy,Spring
16.5,976.9,63.8,6.3,130.0,41.9,127.6,304.1,Sandy,Fall
19.3,951.2,64.5,6.3,148.3,37.9,116.7,335.7,Sandy,Fall
15.2,981.7,65.0,6.4,136.3,46.8,133.3,319.3,Sandy,Spring
16.2,1008.1,61.8,6.3,138.9,47.6,129.3,309.1,Sandy,Fall
19.7,962.4,61.2,6.1,153.2,46.8,127.8,294.6,Sandy,Spring
16.9,1082.6,65.5,5.9,140.3,44.2,117.8,340.0,Sandy,Fall
18.0,967.9,64.6,6.5,136.2,44.4,124.2,328.9,Sandy,Fall
17.8,929.3,64.6,6.4,145.5,43.7,120.0,245.1,Sandy,Spring
15.7,927.1,66.4,6.2,147.7,42.4,124.1,264.4,Sandy,Spring
18.0,908.2,63.5,6.0,130.9,44.7,115.0,241.8,Sandy,Spring
17.3,1021.0,66.0,6.0,142.6,40.3,129.7,337.2,Sandy,Fall
18.0,1010.6,67.8,6.2,151.3,49.1,125.7,302.4,Sandy,Spring
16.2,1103.2,65.0,6.4,147.6,42.5,129.7,287.0,Sandy,Fall
15.9,895.9,66.0,5.9,140.0,44.9,117.8,375.1,Sandy,Fall
17.3,1015.1,65.0,6.1,153.2,41.6,120.0,211.5,Sandy,Fall
15.9,972.2,62.8,6.4,147.2,40.4,122.4,260.6,Sandy,Spring
18.0,1062.9,64.4,6.0,148.8,42.7,133.1,339.2,Sandy,Fall
16.4,977.1,64.4,6.8,131.7,44.8,124.4,268.1,Sandy,Spring
18.3,1052.4,64.1,6.2,148.3,45.3,117.7,282.8,Sandy,Fall
14.0,821.1,64.0,6.4,148.3,38.3,127.1,225.5,Sandy,Fall
16.0,1060.9,63.9,5.8,152.8,44.2,124.1,252.5,Sandy,Spring
17.8,914.6,64.8,6.2,154.4,36.8,124.3,297.6,Sandy,Spring
13.6,897.5,66.2,6.6,141.1,44.1,129.1,295.0,Sandy,Spring
14.2,1064.9,63.5,6.3,148.6,42.1,124.3,272.1,Sandy,Spring
18.5,959.8,64.2,6.3,146.3,47.6,109.2,261.8,Sandy,Spring
16.5,946.9,63.6,6.3,153.0,43.4,129.6,265.3,Sandy,Fall
20.0,1029.6,66.1,6.3,157.0,48.3,124.1,301.6,Sandy,Fall
16.2,1026.9,65.4,6.6,156.3,43.8,127.3,304.5,Sandy,Fall
20.7,1008.5,67.2,6.5,150.1,44.3,136.1,301.9,Sandy,Spring
16.9,1006.5,65.3,6.3,145.4,44.6,130.1,275.4,Sandy,Fall
15.8,909.5,63.4,6.0,143.6,46.5,121.6,277.8,Sandy,Fall
16.2,964.2,65.2,6.3,135.9,47.6,133.4,331.7,Sandy,Fall
18.1,852.5,67.8,6.1,143.1,49.5,137.1,254.5,Sandy,Spring
17.7,830.4,63.4,6.2,135.9,47.3,119.3,268.9,Sandy,Spring
21.1,1128.2,67.5,6.3,158.4,45.2,138.4,281.3,Sandy,Fall
13.6,969.7,63.7,6.2,149.2,50.8,123.4,293.8,Sandy,Spring
17.3,1052.9,64.4,6.2,146.1,38.0,122.8,243.9,Sandy,Fall
18.1,1026.1,61.2,6.2,151.9,55.1,133.3,341.9,Sandy,Spring
18.2,788.8,92.6,5.7,173.8,63.6,124.0,75.2,Loam,Summer
18.4,726.6,93.7,5.6,180.0,58.7,116.1,80.6,Loam,Winter
20.1,791.5,94.5,5.6,166.5,56.4,121.7,84.5,Loam,Summer
18.9,706.6,94.9,5.7,181.3,64.8,117.0,87.1,Loam,Summer
17.8,547.5,93.7,5.7,174.5,57.9,120.1,81.1,Loam,Summer
18.7,586.9,92.9,5.5,176.3,63.2,116.1,78.1,Loam,Fall
17.0,795.5,94.2,5.7,172.1,58.1,126.3,77.1,Loam,Spring
17.4,502.9,93.9,5.7,181.9,57.8,132.9,82.8,Loam,Fall
18.7,649.8,95.9,5.6,172.5,62.9,136.1,80.5,Loam,Fall
18.6,746.4,92.8,5.7,169.6,56.9,119.2,78.7,Loam,Summer
18.7,850.9,95.2,5.7,174.1,60.4,116.1,78.1,Loam,Summer
18.2,696.1,93.2,5.7,168.0,62.8,135.1,78.0,Loam,Winter
18.7,842.9,92.1,5.7,180.2,63.1,112.0,78.4,Loam,Fall
19.0,712.7,91.2,5.7,184.8,57.5,116.4,78.7,Loam,Summer
18.3,767.1,94.4,5.7,170.9,65.4,123.1,79.7,Loam,Summer
18.3,730.9,94.8,5.6,175.4,66.8,124.6,80.5,Loam,Winter
18.3,708.9,93.8,5.5,180.2,58.9,103.0,82.1,Loam,Summer
19.6,661.2,94.0,5.6,182.5,59.8,118.7,82.7,Loam,Fall
18.6,688.1,94.2,5.7,177.0,57.7,141.7,77.3,Loam,Fall
17.4,745.1,95.0,5.7,175.4,60.0,120.8,84.2,Loam,Spring
18.2,788.0,93.3,5.5,172.9,62.7,131.6,75.8,Loam,Spring
15.7,806.6,94.7,5.7,181.2,60.8,122.1,83.4,Loam,Fall
19.8,743.8,94.9,5.8,185.6,69.7,128.7,83.5,Loam,Fall
18.1,713.1,93.2,5.6,165.6,61.4,111.7,85.0,Loam,Fall
18.4,833.4,92.2,5.6,178.2,64.0,129.9,75.7,Loam,Winter
17.2,617.6,92.2,5.7,173.5,56.3,126.9,82.6,Loam,Winter
17.1,794.1,94.6,5.7,182.5,57.4,123.3,78.5,Loam,Spring
17.8,844.4,91.5,5.7,170.6,57.4,110.9,78.0,Loam,Summer
18.1,713.0,94.8,5.6,190.1,57.5,117.1,77.8,Loam,Winter
18.2,804.3,93.6,5.8,189.0,59.8,124.5,77.8,Loam,Spring
18.7,800.7,94.7,5.5,182.2,54.2,127.1,81.2,Loam,Spring
21.2,699.4,94.4,5.7,176.6,55.4,128.6,84.9,Loam,Summer
18.6,866.2,95.3,5.8,174.0,58.0,126.2,79.6,Loam,Summer
19.5,765.2,92.2,5.5,170.4,58.7,128.0,76.7,Loam,Fall
19.1,701.3,93.5,5.6,196.3,58.9,128.8,78.2,Loam,Spring
20.3,663.8,93.8,5.7,175.6,58.5,138.0,76.8,Loam,Summer
17.8,838.9,93.1,5.6,170.9,58.2,124.5,83.9,Loam,Summer
17.6,723.1,95.7,5.5,177.1,55.7,138.1,76.5,Loam,Winter
18.9,691.9,92.9,5.8,171.7,53.7,118.2,83.5,Loam,Winter
18.7,585.2,93.6,5.7,178.9,54.6,118.5,83.1,Loam,Fall
17.1,842.0,93.9,5.7,183.7,55.7,111.3,76.7,Loam,Winter
17.7,798.4,94.3,5.8,183.6,57.7,113.7,82.0,Loam,Winter
18.5,775.7,95.8,5.8,166.3,58.6,121.1,84.5,Loam,Fall
18.6,803.0,93.5,5.5,178.2,59.8,129.2,74.9,Loam,Winter
18.0,831.9,95.1,5.9,190.5,58.6,121.7,76.1,Loam,Summer
17.3,1230.1,62.8,6.2,143.3,44.4,227.6,381.1,Loam,Fall
15.7,1223.4,57.6,6.9,143.5,45.2,219.6,537.0,Loam,Fall
17.9,1207.5,51.1,6.3,139.9,46.5,236.1,458.1,Sandy Loam,Spring
14.5,1249.3,58.0,6.6,140.9,45.1,226.0,411.4,Loam,Fall
16.2,1345.8,57.9,6.4,138.9,44.9,243.9,494.0,Loam,Spring
15.2,1217.2,64.7,6.9,139.2,45.2,222.3,504.2,Loam,Spring
18.1,1241.5,59.3,6.6,142.0,43.0,220.0,491.3,Loam,Fall
19.3,1210.8,56.5,6.5,148.5,44.3,252.9,528.6,Sandy Loam,Spring
15.5,1298.9,58.1,6.5,137.7,40.1,250.4,488.6,Sandy Loam,Fall
15.8,1231.0,55.3,6.3,142.7,46.0,222.1,436.1,Sandy Loam,Fall
17.5,1242.6,59.9,6.5,135.6,44.3,232.7,410.4,Loam,Fall
17.2,1268.1,59.4,6.4,144.0,44.9,233.3,557.7,Loam,Spring
17.5,1190.0,63.8,6.4,140.8,48.8,209.4,496.4,Loam,Spring
17.1,1228.3,61.7,6.2,143.2,44.6,221.9,524.6,Loam,Spring
16.0,1242.1,53.5,6.5,142.4,44.4,237.3,390.3,Sandy Loam,Fall
18.4,1321.9,58.1,6.7,144.1,47.4,242.7,453.9,Loam,Spring
15.6,1187.1,55.3,6.6,139.1,45.2,238.9,534.3,Loam,Spring
17.6,1224.5,58.9,6.6,140.8,47.5,239.4,462.4,Loam,Fall
16.5,1202.2,65.7,6.5,142.6,43.4,231.0,500.6,Sandy Loam,Spring
16.3,1361.0,57.0,6.5,141.2,44.6,236.3,499.8,Sandy Loam,Spring
15.0,1209.1,60.7,6.5,140.3,45.3,215.5,483.3,Sandy Loam,Fall
20.4,1215.1,59.7,6.5,134.4,41.4,235.2,433.2,Loam,Spring
15.6,1379.4,63.7,6.5,139.1,47.0,229.4,503.6,Loam,Fall
16.3,1211.6,58.4,6.2,138.9,46.8,215.9,470.7,Sandy Loam,Spring
17.8,1212.6,62.6,6.8,138.4,47.4,231.2,552.2,Loam,Spring
18.2,1251.9,56.7,6.2,139.0,48.2,235.4,445.8,Loam,Spring
15.9,1262.0,57.0,6.3,134.6,44.9,233.2,454.8,Loam,Fall
16.8,1235.9,61.4,6.2,131.1,47.0,210.0,488.9,Sandy Loam,Spring
18.7,1235.9,66.0,6.5,142.3,45.2,228.1,398.9,Loam,Spring
14.8,1161.3,63.9,6.1,143.8,44.1,232.2,457.2,Loam,Spring
15.6,1220.8,55.6,6.4,135.7,44.2,223.0,471.0,Loam,Fall
17.2,1290.6,60.2,6.4,137.6,44.5,239.4,500.0,Sandy Loam,Fall
15.1,1283.3,56.8,6.6,139.2,44.4,227.5,434.1,Loam,Fall
13.9,1260.0,57.1,6.4,141.5,43.2,246.0,382.0,Loam,Spring
14.5,1255.5,61.7,6.8,140.9,45.3,210.7,449.6,Sandy Loam,Spring
15.8,1306.4,56.4,6.6,138.4,44.9,239.5,521.3,Loam,Spring
14.9,1262.1,62.8,6.5,138.1,43.6,238.2,503.5,Loam,Spring
13.6,1279.0,57.8,6.7,137.0,43.9,231.0,547.8,Sandy Loam,Spring
16.2,1201.6,66.5,6.6,140.5,46.8,227.8,467.3,Loam,Spring
16.4,1235.3,58.0,6.7,137.2,45.4,233.9,420.0,Sandy Loam,Spring
16.1,1214.3,62.1,6.5,139.1,43.8,210.0,510.3,Sandy Loam,Fall
16.0,1330.1,66.2,6.3,133.2,45.2,219.4,476.0,Loam,Fall
16.3,1287.4,60.9,6.6,141.2,45.5,240.0,466.4,Sandy Loam,Spring
17.2,1274.2,57.7,6.4,140.2,45.0,250.3,539.8,Loam,Fall
16.0,1211.1,66.3,6.5,136.9,43.3,231.4,432.1,Sandy Loam,Spring
19.0,558.6,70.3,6.0,195.7,83.1,171.0,399.8,Loam,Fall
18.3,715.0,71.8,5.7,170.7,81.0,171.8,409.6,Loam,Fall
19.4,705.4,73.0,5.5,190.8,88.7,181.9,379.3,Loam,Fall
18.7,640.7,67.8,5.7,186.9,90.3,164.0,382.7,Loam,Fall
21.7,631.0,68.8,5.9,199.3,86.2,173.3,445.9,Loam,Fall
22.8,626.4,70.9,5.9,185.1,87.2,180.1,357.3,Loam,Fall
20.0,617.8,67.6,5.6,187.6,77.9,179.7,436.8,Loam,Fall
20.7,680.8,71.3,5.5,191.3,85.2,224.2,357.2,Loam,Fall
19.2,621.5,66.5,5.6,188.1,88.3,183.4,390.3,Loam,Fall
19.2,584.1,68.1,5.9,187.3,82.1,191.9,403.9,Loam,Fall
18.6,643.2,75.4,6.1,198.8,79.8,179.9,367.6,Loam,Fall
19.0,571.9,71.7,5.2,214.3,90.5,179.9,395.7,Loam,Fall
18.0,624.8,69.5,5.7,173.6,73.5,200.3,360.3,Loam,Fall
18.7,602.9,69.8,5.6,172.3,89.1,189.3,410.3,Loam,Fall
21.7,627.1,69.7,5.5,225.2,93.8,173.1,396.0,Loam,Fall
19.7,657.1,70.1,6.0,208.6,91.7,195.6,452.9,Loam,Fall
20.0,641.4,70.1,5.4,195.9,89.6,173.0,377.8,Loam,Fall
19.9,743.0,68.9,5.5,187.0,96.6,170.0,420.4,Loam,Fall
21.6,612.2,73.1,5.9,187.3,88.9,185.0,378.9,Loam,Fall
20.6,596.5,68.9,5.4,207.5,76.5,192.0,364.9,Loam,Fall
20.1,671.4,76.2,5.6,198.5,68.8,179.3,414.9,Loam,Fall
17.5,697.1,74.4,5.5,237.3,65.9,195.1,404.4,Loam,Fall
20.9,547.3,67.6,5.8,221.5,85.2,167.4,377.6,Loam,Fall
21.5,603.3,73.0,5.7,183.6,96.2,210.4,387.2,Loam,Fall
23.1,725.2,72.9,5.5,208.0,95.5,172.2,358.2,Loam,Fall
19.6,708.2,73.1,5.5,210.8,82.3,170.5,371.1,Loam,Fall
21.4,696.0,76.2,5.1,187.7,99.4,209.6,399.4,Loam,Fall
19.9,650.2,65.5,5.8,193.0,83.9,194.3,413.2,Loam,Fall
19.5,626.3,68.6,6.0,208.8,88.6,192.7,422.3,Loam,Fall
18.0,683.2,63.8,5.5,196.5,85.5,169.3,396.9,Loam,Fall
17.4,619.1,69.1,5.8,248.5,98.8,175.7,399.1,Loam,Fall
21.1,648.6,73.0,5.9,192.9,103.3,216.6,405.9,Loam,Fall
18.0,636.6,75.4,5.5,202.0,81.9,214.8,387.2,Loam,Fall
19.2,546.8,75.3,5.4,198.0,82.0,182.6,381.0,Loam,Fall
21.0,620.0,70.9,5.8,190.5,94.8,159.5,398.5,Loam,Fall
22.0,670.2,72.6,5.4,190.9,100.5,213.7,339.8,Loam,Fall
20.0,681.8,70.1,5.5,194.3,74.6,218.7,405.2,Loam,Fall
20.8,624.9,64.9,5.5,210.8,93.5,198.5,362.3,Loam,Fall
22.1,620.9,67.2,5.3,186.1,91.7,192.7,395.7,Loam,Fall
21.7,569.5,73.1,5.6,228.4,82.7,213.5,372.5,Loam,Fall
17.9,614.5,73.1,5.7,204.2,70.4,218.1,388.9,Loam,Fall
20.2,614.9,66.9,5.4,247.1,88.1,188.8,318.9,Loam,Fall
19.8,674.7,66.1,5.4,210.3,91.6,183.0,418.6,Loam,Fall
17.9,704.9,74.7,5.7,198.0,88.1,203.7,447.1,Loam,Fall
20.2,699.1,71.6,5.6,203.6,103.9,200.0,364.1,Loam,Fall
13.8,2065.2,95.2,6.7,131.0,40.9,81.6,221.8,Loam,Fall
21.2,1922.3,94.6,6.6,128.6,38.4,85.9,207.4,Loam,Fall
22.8,1946.6,93.9,6.4,130.7,43.2,80.1,231.3,Loam,Spring
20.1,1799.0,92.7,6.8,130.1,42.3,90.4,231.7,Loam,Spring
22.7,2047.3,93.9,6.7,128.2,39.2,84.7,276.0,Loam,Spring
17.4,1945.0,92.5,6.7,132.9,39.9,83.1,194.6,Loam,Fall
21.8,1802.4,93.1,6.5,131.6,40.8,86.5,202.9,Loam,Spring
20.1,1831.0,94.4,7.0,140.2,40.3,84.7,257.6,Loam,Fall
14.7,1831.4,94.3,6.5,128.3,40.0,76.4,213.0,Loam,Spring
19.1,1798.0,93.4,6.7,126.9,40.6,83.9,178.3,Loam,Spring
19.4,1943.0,94.0,6.9,129.0,38.0,94.1,246.2,Loam,Spring
21.5,1903.3,93.8,6.5,133.4,41.7,93.1,222.9,Loam,Spring
24.4,1743.6,93.0,6.8,120.5,39.9,91.8,232.1,Loam,Fall
18.0,2037.4,93.8,6.3,130.2,39.9,89.7,155.0,Loam,Spring
17.4,2035.4,95.1,6.3,124.5,41.1,89.4,195.5,Loam,Spring
14.8,2034.4,94.1,6.6,130.0,37.0,83.8,207.7,Loam,Spring
24.6,2000.5,93.7,7.1,131.0,43.2,82.5,212.0,Loam,Spring
18.9,1892.6,91.6,6.7,126.5,40.3,82.6,190.8,Loam,Fall
17.4,1920.6,95.5,6.9,126.3,41.8,75.8,206.5,Loam,Spring
23.3,2096.7,96.0,7.1,130.4,41.1,97.0,149.1,Loam,Spring
15.6,1882.5,91.4,6.8,132.7,40.8,76.9,234.3,Loam,Fall
21.8,2087.4,93.0,6.5,130.5,41.0,89.2,244.2,Loam,Spring
21.6,1929.5,92.8,6.8,128.5,37.2,84.2,193.9,Loam,Spring
19.7,2235.8,93.1,6.7,123.1,39.5,80.0,238.7,Loam,Fall
17.2,2071.5,93.0,7.6,133.8,40.6,88.8,163.4,Loam,Fall
17.5,1873.0,94.3,6.8,121.1,40.3,89.7,178.4,Loam,Fall
21.5,1982.8,94.7,6.5,130.8,38.6,84.4,231.1,Loam,Fall
23.0,2106.4,91.9,7.0,126.2,39.1,82.6,202.6,Loam,Spring
21.0,2017.1,94.3,6.8,131.7,39.5,71.4,232.3,Loam,Spring
16.1,2189.8,96.4,7.0,132.6,39.9,81.1,167.0,Loam,Spring
22.1,2136.1,93.4,6.4,128.6,43.7,85.9,239.9,Loam,Spring
20.3,1875.6,92.7,6.8,133.4,40.9,93.3,219.4,Loam,Spring
22.7,1898.3,95.7,6.6,125.5,38.8,89.2,199.9,Loam,Fall
20.2,1812.9,93.3,6.3,128.2,43.7,85.6,210.3,Loam,Fall
18.6,2081.7,94.5,6.6,134.0,43.9,82.9,249.5,Loam,Fall
19.0,2045.2,95.3,7.0,128.5,43.0,91.3,211.3,Loam,Spring
14.1,1691.2,93.5,6.8,127.0,40.5,78.8,254.8,Loam,Spring
20.3,2010.5,91.2,6.9,131.8,37.4,81.2,169.4,Loam,Fall
22.7,2017.4,93.4,6.8,128.3,39.2,87.4,241.4,Loam,Spring
21.2,2011.1,95.4,6.5,132.2,37.6,84.2,178.9,Loam,Fall
16.6,2135.0,90.9,7.2,129.0,39.1,80.6,219.4,Loam,Fall
20.5,2064.4,94.7,6.8,131.6,40.5,91.3,159.4,Loam,Fall
20.4,2256.5,94.3,6.4,132.0,39.0,89.5,149.3,Loam,Fall
21.2,1996.7,94.6,7.1,132.3,40.9,88.9,188.1,Loam,Spring
21.7,1858.2,91.3,6.7,128.5,41.4,87.4,186.3,Loam,Fall
15.4,911.9,56.0,6.5,120.0,68.6,61.2,226.6,Sandy Loam,Fall
17.1,1009.9,58.3,6.6,126.7,74.9,55.0,208.4,Sandy Loam,Fall
15.1,958.1,55.1,6.8,124.8,74.8,60.4,209.3,Sandy Loam,Spring
17.7,1008.6,59.2,7.1,120.4,73.1,62.7,205.8,Sandy Loam,Spring
15.1,991.4,57.1,6.5,117.0,68.5,57.0,209.8,Sandy Loam,Fall
18.3,928.9,64.5,6.8,122.6,66.6,60.0,210.8,Sandy Loam,Spring
17.1,927.5,61.0,7.1,113.4,67.9,57.4,201.8,Sandy Loam,Spring
16.7,1111.2,51.8,6.7,118.9,73.4,64.1,227.9,Sandy Loam,Spring
16.9,1002.1,48.6,6.9,111.8,72.0,63.5,212.4,Sandy Loam,Spring
16.2,942.8,51.6,6.6,122.9,69.4,60.4,208.2,Sandy Loam,Spring
17.9,1011.9,53.8,7.1,123.2,69.2,59.4,200.5,Sandy Loam,Spring
16.3,990.4,53.3,6.8,120.3,70.3,61.0,226.3,Sandy Loam,Fall
16.7,936.7,51.3,6.7,121.4,73.7,60.0,213.9,Sandy Loam,Fall
16.9,1028.2,47.9,6.4,117.6,69.2,60.3,221.3,Sandy Loam,Fall
16.8,1018.4,52.0,7.0,123.9,68.9,59.4,214.6,Sandy Loam,Fall
17.5,1048.9,62.9,6.4,123.3,73.7,59.6,217.7,Sandy Loam,Spring
16.8,935.4,66.9,6.7,120.6,71.7,60.7,225.0,Sandy Loam,Fall
14.7,997.1,59.8,6.5,116.4,69.0,60.1,218.4,Sandy Loam,Spring
15.6,1036.8,52.1,6.3,120.9,76.1,57.4,216.1,Sandy Loam,Fall
16.7,961.1,59.7,7.0,116.4,70.3,60.0,219.4,Sandy Loam,Fall
18.1,903.0,57.2,6.8,123.6,61.7,58.3,214.9,Sandy Loam,Fall
16.7,937.6,60.1,6.7,120.3,71.7,60.8,225.7,Sandy Loam,Fall
16.5,1005.0,62.3,6.3,120.8,70.2,63.1,209.1,Sandy Loam,Spring
17.4,1035.3,57.8,6.5,124.1,66.4,60.3,219.2,Sandy Loam,Spring
14.8,995.0,49.9,6.5,119.5,73.6,61.1,205.6,Sandy Loam,Spring
16.2,991.0,57.4,6.7,112.8,69.1,57.9,231.2,Sandy Loam,Spring
15.5,926.3,64.4,6.7,120.6,65.2,60.1,204.2,Sandy Loam,Spring
15.5,928.3,50.7,7.2,115.7,71.4,60.0,211.4,Sandy Loam,Spring
15.7,1041.5,42.3,6.9,120.9,69.1,60.1,202.9,Sandy Loam,Spring
18.7,968.9,62.0,6.7,122.1,67.4,59.3,230.4,Sandy Loam,Fall
16.5,1078.6,62.3,6.4,128.9,73.4,58.6,193.2,Sandy Loam,Spring
16.0,930.5,50.0,7.1,112.5,67.3,61.0,213.0,Sandy Loam,Fall
15.8,983.5,54.7,6.6,120.3,71.5,60.4,222.2,Sandy Loam,Fall
17.9,1031.9,62.7,7.0,119.7,63.8,61.3,218.8,Sandy Loam,Spring
17.0,1025.6,59.3,6.8,121.3,64.5,57.8,207.9,Sandy Loam,Spring
16.5,981.0,51.1,6.7,121.2,65.7,61.9,205.0,Sandy Loam,Fall
15.5,922.7,52.7,7.0,123.2,70.2,62.7,206.4,Sandy Loam,Spring
15.8,1098.6,54.1,6.6,125.7,63.1,60.3,209.5,Sandy Loam,Spring
15.6,999.2,59.9,7.0,120.2,67.6,57.9,239.1,Sandy Loam,Fall
16.1,920.2,58.1,6.6,126.0,70.2,59.9,206.5,Sandy Loam,Spring
15.7,1109.1,62.3,6.5,121.2,69.4,61.5,198.3,Sandy Loam,Fall
16.5,1002.3,60.4,6.9,120.8,64.0,60.5,212.3,Sandy Loam,Fall
16.8,903.1,63.5,6.3,117.4,73.6,58.5,212.6,Sandy Loam,Spring
19.2,991.2,55.7,7.1,125.2,70.1,60.5,202.9,Sandy Loam,Spring
16.3,1058.4,47.2,6.8,121.7,71.7,60.3,215.7,Sandy Loam,Fall
18.9,747.1,94.2,6.5,183.6,120.8,234.2,473.4,Loam,Spring
15.5,675.0,92.9,6.5,182.8,116.6,235.2,501.5,Loam,Spring
15.1,619.7,92.9,6.6,164.3,117.3,241.9,526.4,Loam,Summer
13.5,793.9,94.3,6.3,154.2,116.9,238.8,442.6,Loam,Summer
16.5,667.2,92.5,6.5,168.1,120.0,238.2,431.1,Loam,Summer
16.2,725.9,93.5,6.4,178.1,116.7,242.0,539.8,Loam,Summer
16.1,686.3,92.5,6.2,182.8,119.6,238.2,539.0,Loam,Summer
19.0,832.4,92.0,6.5,182.1,125.0,242.7,554.6,Loam,Summer
16.7,744.8,93.8,6.3,176.3,122.5,240.0,510.1,Loam,Spring
15.6,832.8,92.2,6.6,189.3,124.1,238.3,474.3,Loam,Spring
18.6,799.6,94.1,6.0,178.1,122.0,244.8,434.6,Loam,Summer
14.9,675.2,94.3,6.5,185.8,111.5,241.8,490.9,Loam,Summer
13.1,771.1,93.1,6.5,182.5,116.5,241.7,470.7,Loam,Spring
16.5,781.8,92.5,6.3,158.1,120.5,239.1,425.6,Loam,Spring
17.4,739.5,93.2,6.5,183.0,118.8,246.2,557.4,Loam,Summer
16.9,726.1,91.5,6.4,172.0,117.9,242.0,520.7,Loam,Spring
14.2,739.2,92.3,6.5,179.3,111.2,244.3,517.1,Loam,Spring
19.9,808.7,91.1,6.5,181.3,117.3,235.2,511.1,Loam,Spring
16.5,745.6,93.3,6.3,176.4,124.6,239.4,501.9,Loam,Spring
20.8,715.6,91.2,6.6,185.1,115.9,240.0,553.5,Loam,Spring
13.4,721.7,92.6,6.5,186.8,121.7,239.6,501.9,Loam,Summer
18.5,846.1,92.4,6.5,200.4,116.4,240.5,478.4,Loam,Summer
16.4,727.5,91.0,6.2,179.7,121.2,234.9,426.1,Loam,Summer
18.6,651.4,92.8,6.5,156.8,113.3,241.4,527.6,Loam,Summer
15.6,631.1,92.4,6.5,179.4,117.2,240.3,436.0,Loam,Summer
15.8,870.4,92.0,6.5,164.7,119.3,238.4,475.4,Loam,Summer
16.6,702.8,94.0,6.4,175.0,125.7,241.5,546.3,Loam,Summer
18.2,739.9,92.3,6.5,185.3,117.8,238.4,451.3,Loam,Spring
16.1,709.6,92.6,6.3,159.8,116.5,240.5,490.3,Loam,Spring
13.2,766.9,91.1,6.6,176.4,120.4,236.1,464.9,Loam,Summer
16.2,785.5,92.1,6.4,167.2,124.2,239.4,518.4,Loam,Spring
15.7,828.5,92.7,6.4,176.2,119.3,234.0,525.5,Loam,Summer
18.1,731.0,91.6,6.4,163.5,119.7,241.4,474.3,Loam,Summer
16.0,757.5,94.3,6.3,151.5,118.7,245.4,510.8,Loam,Summer
16.8,724.6,92.3,6.6,172.0,114.4,240.2,469.3,Loam,Summer
19.5,660.7,92.2,6.6,168.3,116.8,244.3,541.2,Loam,Spring
16.8,730.2,92.6,6.5,164.0,118.9,243.5,425.1,Loam,Spring
20.4,772.4,93.0,6.7,157.5,121.7,241.1,473.8,Loam,Spring
15.7,759.0,94.1,6.3,180.1,120.2,240.7,475.3,Loam,Summer
18.7,767.6,91.8,6.6,177.8,118.9,239.9,513.5,Loam,Summer
19.3,757.8,92.7,6.4,189.3,124.1,237.7,541.6,Loam,Summer
19.1,692.8,92.5,6.6,161.8,119.4,237.6,536.9,Loam,Summer
12.1,717.3,93.5,6.5,183.2,121.4,238.2,474.8,Loam,Summer
19.8,710.0,93.2,6.3,166.2,124.8,247.5,472.2,Loam,Spring
16.9,793.9,92.7,6.6,180.2,122.7,243.4,485.4,Loam,Spring
20.3,507.2,53.9,6.2,153.9,155.6,311.6,448.1,Sandy Loam,Spring
23.0,507.0,54.8,6.0,151.8,165.0,317.3,573.6,Sandy Loam,Summer
24.4,435.9,55.3,5.9,138.4,155.0,290.6,565.4,Sandy Loam,Summer
26.1,579.4,55.6,6.1,126.8,150.9,296.7,731.7,Sandy Loam,Summer
24.5,481.1,56.2,6.3,132.3,160.1,317.5,587.5,Sandy Loam,Summer
22.7,508.9,56.7,6.1,145.0,162.8,316.1,380.2,Sandy Loam,Spring
24.6,558.0,56.7,6.4,139.0,167.6,299.5,595.7,Sandy Loam,Fall
22.0,460.8,52.6,6.3,139.7,161.6,272.6,415.2,Sandy Loam,Summer
25.1,454.8,54.4,6.2,143.8,154.3,284.3,528.2,Sandy Loam,Summer
22.6,525.4,53.2,6.4,137.7,156.3,339.2,428.4,Sandy Loam,Fall
21.7,499.0,55.6,6.3,149.9,159.6,301.5,510.5,Sandy Loam,Spring
22.7,528.5,55.6,5.9,147.5,161.2,302.4,658.1,Sandy Loam,Fall
23.4,465.4,52.1,5.9,146.6,158.9,285.9,668.3,Sandy Loam,Summer
24.0,447.1,57.5,6.3,153.0,158.8,351.9,609.1,Sandy Loam,Fall
23.3,476.5,57.3,6.5,141.0,153.4,298.8,502.6,Sandy Loam,Fall
23.9,565.3,56.3,6.1,139.7,158.7,345.8,625.4,Sandy Loam,Summer
22.8,459.5,57.0,6.2,128.8,161.8,307.0,583.5,Sandy Loam,Spring
22.8,483.9,55.6,6.1,124.5,141.8,267.0,542.4,Sandy Loam,Fall
24.3,482.4,56.7,6.6,144.3,157.4,287.1,501.0,Sandy Loam,Summer
23.9,538.3,54.8,6.2,130.7,155.8,308.7,506.2,Sandy Loam,Fall
23.0,462.1,51.6,6.4,139.7,162.8,313.2,488.9,Sandy Loam,Fall
23.4,493.2,53.0,6.2,144.3,167.6,355.1,586.0,Sandy Loam,Spring
23.3,545.0,53.5,5.9,150.8,161.0,282.6,575.8,Sandy Loam,Summer
22.8,518.3,55.2,6.4,145.6,158.6,302.5,491.8,Sandy Loam,Spring
23.1,580.7,55.3,6.1,134.8,162.6,307.3,456.5,Sandy Loam,Summer
23.1,529.1,54.5,6.6,143.8,158.6,310.1,586.0,Sandy Loam,Summer
26.0,526.9,51.4,6.1,147.1,156.3,319.9,601.8,Sandy Loam,Spring
23.4,500.0,53.7,5.9,145.7,162.1,315.8,467.4,Sandy Loam,Fall
23.1,535.6,55.6,6.0,137.9,158.4,291.5,540.3,Sandy Loam,Summer
22.8,461.3,56.6,5.9,146.1,169.7,289.9,499.3,Sandy Loam,Fall
23.4,545.1,55.8,6.3,141.0,147.4,312.9,625.1,Sandy Loam,Fall
21.7,468.7,50.6,6.3,148.4,169.3,297.7,467.7,Sandy Loam,Spring
22.7,480.6,54.4,6.1,135.9,166.0,317.5,514.5,Sandy Loam,Summer
23.1,528.6,54.7,5.8,142.3,165.4,283.0,449.7,Sandy Loam,Fall
23.7,467.1,58.1,6.3,144.4,159.4,302.5,466.7,Sandy Loam,Spring
22.7,487.6,54.4,5.9,131.1,165.6,307.6,402.6,Sandy Loam,Spring
20.4,501.3,55.4,6.4,129.2,148.7,285.0,505.5,Sandy Loam,Summer
24.2,543.5,50.6,6.1,154.2,163.0,322.7,454.3,Sandy Loam,Spring
24.2,482.4,55.1,6.2,145.7,158.0,329.8,439.8,Sandy Loam,Fall
22.2,517.3,53.7,5.8,143.6,161.0,304.1,646.5,Sandy Loam,Spring
23.8,460.7,54.0,5.7,134.3,156.9,309.9,427.0,Sandy Loam,Summer
22.6,528.8,54.7,6.4,145.6,151.8,325.4,663.9,Sandy Loam,Summer
23.9,511.0,55.4,6.0,136.4,164.0,312.2,450.4,Sandy Loam,Spring
22.4,498.3,57.8,6.1,133.5,147.9,311.8,601.8,Sandy Loam,Spring
22.9,511.1,52.7,6.1,139.8,165.5,291.4,526.9,Sandy Loam,Fall
36.8,749.5,90.3,6.5,90.1,36.9,62.3,320.3,Sandy Loam,Summer
33.4,589.4,89.8,6.7,95.3,48.1,58.6,302.4,Sandy Loam,Summer
36.0,657.6,90.3,6.5,88.6,49.4,43.4,330.7,Sandy Loam,Spring
39.3,704.2,90.1,6.6,86.7,50.6,47.1,298.5,Sandy Loam,Summer
34.8,657.1,90.4,6.8,88.1,45.7,65.4,275.9,Sandy Loam,Spring
33.2,720.5,89.3,6.4,96.4,31.9,54.6,285.5,Sandy Loam,Spring
36.1,660.5,90.3,6.4,86.1,33.5,52.6,315.3,Sandy Loam,Summer
35.1,648.2,89.9,6.6,90.1,30.7,52.1,289.1,Sandy Loam,Summer
34.0,626.3,89.5,6.7,90.6,43.9,65.3,294.0,Sandy Loam,Spring
35.7,664.0,90.0,6.8,91.0,46.7,49.9,294.9,Sandy Loam,Spring
34.8,685.1,90.6,6.7,94.0,40.2,55.9,314.0,Sandy Loam,Summer
36.0,655.7,89.8,6.7,94.1,40.9,57.9,307.1,Sandy Loam,Summer
36.0,607.3,89.7,6.7,91.5,40.2,56.4,272.8,Sandy Loam,Spring
34.3,574.2,89.6,6.3,87.0,40.7,46.7,296.8,Sandy Loam,Summer
34.9,578.1,90.3,6.6,91.7,25.0,65.9,286.8,Sandy Loam,Spring
34.5,592.5,90.3,6.5,93.3,49.4,53.5,284.6,Sandy Loam,Summer
35.5,628.2,90.1,6.8,93.7,37.0,46.0,281.5,Sandy Loam,Summer
36.5,714.7,90.4,6.6,91.4,37.1,59.5,310.8,Sandy Loam,Summer
33.5,651.7,89.7,6.4,88.5,34.3,51.5,287.8,Sandy Loam,Spring
34.4,643.9,89.9,6.5,82.6,41.9,65.1,263.6,Sandy Loam,Summer
35.0,600.0,90.1,6.3,89.5,48.6,53.0,289.6,Sandy Loam,Spring
35.7,734.8,90.1,6.5,89.8,39.0,62.5,301.4,Sandy Loam,Summer
36.4,643.8,90.2,6.5,91.5,30.9,69.1,301.4,Sandy Loam,Spring
32.9,711.6,90.2,6.3,79.0,40.2,64.5,329.0,Sandy Loam,Spring
36.5,683.3,89.7,6.6,80.6,53.9,60.7,278.1,Sandy Loam,Summer
32.7,685.8,89.7,6.5,86.8,39.2,46.8,310.8,Sandy Loam,Summer
35.0,683.4,90.1,6.3,97.1,46.7,61.4,289.2,Sandy Loam,Summer
34.6,690.7,89.6,6.4,87.2,34.2,49.4,266.1,Sandy Loam,Spring
34.2,613.1,89.8,6.5,90.6,43.7,62.8,293.3,Sandy Loam,Summer
35.6,701.1,90.5,6.8,86.9,37.8,49.7,311.4,Sandy Loam,Summer
35.8,695.9,90.4,6.6,93.9,37.5,66.8,293.3,Sandy Loam,Summer
38.5,588.0,89.9,6.6,91.0,47.6,61.3,323.5,Sandy Loam,Summer
36.6,639.5,90.5,6.6,88.7,40.3,62.6,316.1,Sandy Loam,Summer
35.1,611.2,90.6,6.7,92.3,37.6,60.8,315.3,Sandy Loam,Summer
36.9,708.9,89.8,6.2,93.5,39.1,57.8,278.1,Sandy Loam,Summer
34.3,662.2,89.9,6.7,93.8,29.9,62.1,296.3,Sandy Loam,Summer
33.3,649.7,89.9,6.7,85.6,43.9,62.5,350.8,Sandy Loam,Summer
31.6,618.6,90.0,6.5,85.7,37.4,52.5,301.5,Sandy Loam,Spring
36.2,671.2,90.0,6.6,90.6,52.1,52.0,309.2,Sandy Loam,Summer
34.6,682.7,90.3,6.1,94.2,34.2,50.4,300.7,Sandy Loam,Spring
33.9,492.5,89.9,6.4,87.8,52.3,51.4,337.5,Sandy Loam,Summer
34.9,621.5,89.7,6.5,86.0,39.7,39.1,302.3,Sandy Loam,Spring
36.2,689.8,89.9,6.2,98.3,41.7,57.9,327.4,Sandy Loam,Spring
32.7,614.0,89.8,6.3,94.7,43.8,43.7,312.7,Sandy Loam,Spring
35.3,558.1,90.5,6.8,84.3,34.7,51.3,313.1,Sandy Loam,Summer
18.5,1299.8,54.9,6.3,141.0,46.3,210.3,455.9,Sandy Loam,Fall
23.6,479.0,50.9,5.7,137.6,159.9,289.2,557.4,Sandy Loam,Summer
17.3,829.8,52.8,6.4,121.1,67.7,58.8,219.6,Sandy Loam,Spring
21.7,712.7,45.0,6.3,169.7,252.5,283.9,931.2,Loam,Fall
24.6,1390.5,55.4,6.3,149.8,154.4,233.2,600.2,Sandy Loam,Spring
20.0,781.7,91.6,6.9,143.8,66.7,139.3,630.2,Loam,Summer
18.7,688.8,76.8,6.6,151.2,72.9,187.7,359.2,Loam,Spring
22.7,702.4,66.6,5.8,174.0,94.4,184.3,361.0,Loam,Fall
16.5,1183.7,57.8,6.6,137.5,44.4,224.5,388.4,Sandy Loam,Fall
24.9,1137.3,67.4,6.1,48.0,21.3,74.9,435.4,Sandy Loam,Summer
